<?xml version="1.0" encoding="UTF-8"?>
<project-private xmlns="http://www.netbeans.org/ns/project-private/1">
    <editor-bookmarks xmlns="http://www.netbeans.org/ns/editor-bookmarks/2" lastBookmarkId="0"/>
    <open-files xmlns="http://www.netbeans.org/ns/projectui-open-files/2">
        <group>
            <file>file:/C:/Users/Julius/Media/Documents/GitHub/GSO/AEXBanner%20-%20Push/src/gso/shared/IPublisher.java</file>
            <file>file:/C:/Users/Julius/Media/Documents/GitHub/GSO/AEXBanner%20-%20Push/src/gso/server/Effectenbeurs.java</file>
            <file>file:/C:/Users/Julius/Media/Documents/GitHub/GSO/AEXBanner%20-%20Push/src/gso/shared/IFonds.java</file>
            <file>file:/C:/Users/Julius/Media/Documents/GitHub/GSO/AEXBanner%20-%20Push/src/gso/server/RMIServer.java</file>
            <file>file:/C:/Users/Julius/Media/Documents/GitHub/GSO/AEXBanner%20-%20Push/src/gso/shared/IListener.java</file>
            <file>file:/C:/Users/Julius/Media/Documents/GitHub/GSO/AEXBanner%20-%20Push/src/gso/Task/KoersenPusher.java</file>
        </group>
    </open-files>
</project-private>
